"scenario","real_cost","sim_cost","savings"
"P75",123639632.52,109001238.198642,14638394.3213577
"P90",123639632.52,90965752.0782406,32673880.4417593
